q (nm-1),I
0.001,0.9991123660771175
0.0010064745618941463,0.9991008396024859
0.0010129910437400138,0.9990891635125316
0.0010195497169509244,0.9990773358671907
0.0010261508546974814,0.9990653547011175
0.0010327947319189515,0.9990532180230074
0.001039481625334709,0.9990409238166269
0.0010462118134557663,0.9990284700389453
0.0010529855765963728,0.9990158546204551
0.0010598031968856894,0.9990030754655137
0.0010666649582795388,0.9989901304509851
0.0010735711465722367,0.998977017425568
0.0010805220494084881,0.9989637342117201
0.0010875179562953733,0.9989502786020938
0.0010945591586144032,0.9989366483614672
0.001101645949633657,0.9989228412263327
0.0011087786245199945,0.9989088549024587
0.0011159574803513556,0.9988946870671391
0.001123182816129126,0.9988803353673698
0.0011304549327905956,0.9988657974189014
0.0011377741332214914,0.9988510708079772
0.0011451407222685926,0.9988361530884109
0.001152555006752428,0.9988210417831613
0.0011600172954800538,0.9988057343828045
0.0011675278992579194,0.9987902283453294
0.0011750871309048076,0.9987745210961294
0.0011826953052648656,0.9987586100272993
0.0011903527392207191,0.9987424924973282
0.0011980597517066705,0.9987261658298554
0.0012058166637219795,0.998709627314829
0.0012136237983442406,0.9986928742064887
0.0012214814807428292,0.9986759037238728
0.0012293900381924521,0.9986587130500686
0.0012373498000867761,0.9986412993316114
0.0012453610979521476,0.9986236596782109
0.0012534242654613996,0.998605791162529
0.0012615396384477542,0.9985876908187208
0.001269707554918803,0.9985693556432875
0.0012779283550705901,0.9985507825936923
0.0012862023813017792,0.9985319685878161
0.001294529978227916,0.9985129105037918
0.0013029114926957806,0.9984936051801263
0.0013113472737978325,0.9984740494135563
0.0013198376728867567,0.9984542399596623
0.0013283830435900882,0.998434173532587
0.0013369837418249467,0.998413846803361
0.0013456401258128596,0.9983932564006393
0.0013543525560946817,0.9983723989091218
0.0013631213955456107,0.9983512708696841
0.001371947009390306,0.9983298687783057
0.0013808297652180923,0.9983081890860512
0.0013897700329982764,0.9982862281974889
0.0013987681850955536,0.9982639824715772
0.0014078245962855173,0.9982414482199771
0.001416939643770268,0.9982186217063866
0.0014261137071941282,0.998195499146967
0.001435347168659447,0.9981720767084333
0.0014446404127425204,0.9981483505083781
0.001453993826509607,0.9981243166142553
0.0014634077995330501,0.9980999710428469
0.0014728827239075019,0.9980753097591626
0.0014824189942662597,0.9980503286766103
0.0014920170077976948,0.9980250236559052
0.0015016771642618,0.9979993905039826
0.001511399866006839,0.997973424974114
0.001521185517986105,0.9979471227646614
0.001531034527774785,0.9979204795183443
0.0015409473055869364,0.9978934908219774
0.001550924264292577,0.9978661522054394
0.0015609658194348725,0.9978384591409378
0.0015710723892474504,0.9978104070423243
0.0015812443946718175,0.9977819912644045
0.001591482259374892,0.9977532071020883
0.001601786409766649,0.9977240497897721
0.0016121572750178855,0.9976945145003864
0.0016225952870780871,0.9976645963445561
0.0016331008806934244,0.9976342903702152
0.0016436744934248588,0.9976035915612624
0.0016543165656663676,0.9975724948373079
0.0016650275406632862,0.9975409950522283
0.0016758078645307671,0.9975090869937874
0.0016866579862723687,0.997476765382957
0.0016975783577987454,0.997444024872193
0.0017085694339464767,0.9974108600457238
0.0017196316724970096,0.9973772654175989
0.0017307655341957258,0.9973432354315844
0.0017419714827711294,0.9973087644599199
0.0017532499849541691,0.9972738468026079
0.0017646015104976658,0.9972384766859395
0.0017760265321958872,0.9972026482623939
0.0017875255259042354,0.9971663556090969
0.001799098970559069,0.9971295927270174
0.0018107473481976486,0.9970923535400995
0.0018224711439782137,0.9970546318941158
0.0018342708462001963,0.9970164215558155
0.0018461469463245475,0.9969777162119187
0.001858099938994215,0.9969385094679726
0.0018701303220547427,0.9968987948474084
0.0018822385965750039,0.9968585657904678
0.0018944252668680799,0.996817815653294
0.001906690840512252,0.9967765377066427
0.0019190358283721503,0.9967347251347907
0.0019314607446200302,0.9966923710348276
0.0019439661067571865,0.9966494684149547
0.001956552435635509,0.9966060101939314
0.0019692202554791715,0.9965619891995614
0.001981970093906478,0.9965173981676193
0.0019948024819518226,0.9964722297408424
0.002007717954087816,0.9964264764676215
0.0020207170482475466,0.9963801308007549
0.002033800305846982,0.9963331850964348
0.0020469682718075198,0.9962856316127495
0.0020602214945786915,0.9962374625087576
0.002073560526160992,0.9961886698429921
0.0020869859221288797,0.9961392455722693
0.0021004982416539153,0.9960891815505166
0.0021140980475280492,0.9960384695272952
0.0021277859061870634,0.9959871011466253
0.0021415623877341617,0.9959350679454431
0.002155428065963722,0.9958823613525667
0.002169383518385184,0.9958289726872107
0.0021834293262471102,0.9957748931573981
0.002197566074561391,0.9957201138587604
0.002211794352127613,0.9956646257732384
0.0022261147515575865,0.9956084197674412
0.0022405278693000182,0.9955514865912218
0.002255034305665361,0.9954938168763459
0.0022696346648508146,0.9954354011346724
0.0022843295549654914,0.9953762297572936
0.002299119588055743,0.9953162930123699
0.002314005380130652,0.9952555810438509
0.002328987551187695,0.9951940838699044
0.0023440667252385564,0.995131791381527
0.002359243530335122,0.9950686933405704
0.0023745185985956413,0.9950047793783878
0.00238989256623105,0.9949400389942133
0.002405366073571471,0.9948744615533036
0.002420939765092889,0.9948080362855878
0.0024366142894439832,0.9947407522836222
0.0024523902994731494,0.9946725985011282
0.0024682684522556926,0.9946035637511286
0.0024842494091211905,0.9945336367043731
0.002500333835681042,0.9944628058873068
0.002516522401856185,0.9943910596804055
0.0025328157819050085,0.9943183863163999
0.002549214654451423,0.9942447738784856
0.0025657197025131338,0.9941702102982306
0.0025823316135300855,0.9940946833538815
0.002599051079393097,0.9940181806685068
0.002615878796472673,0.9939406897078278
0.00263281546564802,0.9938621977785308
0.002649861792336224,0.9937826920262054
0.0026670184865216382,0.993702159433198
0.002684286262785455,0.9936205868169647
0.002701665840335466,0.993537960827531
0.002719157943036019,0.9934542679458243
0.0027367632994381623,0.9933694944815398
0.002754482642810003,0.9932836265707428
0.002772316711167228,0.9931966501740705
0.0027902662473038562,0.9931085510743227
0.0028083319988231725,0.9930193148744646
0.002826514718168862,0.9929289269952023
0.002844815162656362,0.9928373726730596
0.002863234094504386,0.9927446369576989
0.002881772280866685,0.9926507047100033
0.0029004304938639917,0.9925555605995275
0.0029192095106161833,0.992459189102278
0.0029381101132746486,0.9923615744981951
0.0029571330890548597,0.9922627008690396
0.002976279230269173,0.9921625520956029
0.002995549334359813,0.9920611118555311
0.0030149442039320946,0.9919583636207439
0.0030344646467878504,0.9918542906548969
0.0030541114759590773,0.9917488760108768
0.003073885509741794,0.991642102528306
0.0030937875717301365,0.9915339528307898
0.003113818490850644,0.9914244093234681
0.003133979101396794,0.9913134541901856
0.0031542702430637486,0.9912010693910205
0.0031746927609833287,0.9910872366593589
0.0031952475057592136,0.9909719374992629
0.003215935333502365,0.9908551531827263
0.003236757105866698,0.9907368647467805
0.00325771369008495,0.9906170529906988
0.0032788059590048127,0.9904956984732283
0.0033000347911252854,0.9903727815094583
0.0033214010706332587,0.9902482821681545
0.003342905687440358,0.9901221802686276
0.003364549537219984,0.989994455377786
0.0033863335214446362,0.989865086807153
0.003408258547423452,0.9897340536097119
0.003430325528339998,0.9896013345769363
0.003452535383290306,0.9894669082355312
0.0034748890373211493,0.9893307528444112
0.0034973874214685717,0.9891928463913755
0.003520031472796679,0.9890531665900166
0.003542822134436644,0.9889116908763377
0.0035657603556260055,0.988768396405532
0.0035888470917481994,0.9886232600485878
0.0036120833043723466,0.9884762583890504
0.0036354699612933176,0.9883273677194298
0.003659008036572021,0.9881765640379707
0.0036826985105759854,0.9880238230449994
0.00370654237002019,0.9878691201395529
0.0037305406080081617,0.987712430415735
0.003754694224073337,0.9875537286592045
0.0037790042242206935,0.9873929893435247
0.003803471620968647,0.987230186626508
0.0038280974333912373,0.9870652943465297
0.0038528826871605517,0.9868982860188324
0.003877828414589457,0.986729134831668
0.003902935654674592,0.9865578136425892
0.003928205453139653,0.986384294974566
0.003953638862478929,0.9862085510120906
0.003979236942001151,0.9860305535972758
0.004005000757873611,0.9858502742259128
0.004030931383166567,0.9856676840434335
0.004057029897897936,0.9854827538408898
0.004083297389078278,0.9852954540509236
0.004109734950756067,0.9851057547435313
0.004136343684063274,0.9849136256220806
0.004163124697261203,0.984719036018951
0.0041900791057866696,0.984521954891427
0.004217208032298454,0.9843223508173009
0.004244512606724057,0.9841201919906739
0.004271993966306777,0.9839154462175522
0.00429965325565305,0.983708080911418
0.004327491626780143,0.9834980630888572
0.004355510239164131,0.9832853593650468
0.004383710259788187,0.9830699359491732
0.00441209286319119,0.9828517586400599
0.004440659231516642,0.9826307928213407
0.004469410554561905,0.9824070034569643
0.004498348029827767,0.9821803550864898
0.0045274728625682974,0.98195081182033
0.004556786265841064,0.9817183373349843
0.004586289460557648,0.9814828948682798
0.004615983675534494,0.9812444472144861
0.004645870147544111,0.9810029567194283
0.004675950121366553,0.980758385275555
0.004706224849841282,0.9805106943170079
0.0047366955939193486,0.9802598448145408
0.004767363622715909,0.980005797270516
0.004798230213563085,0.9797485117138178
0.004829296652063162,0.979487947694654
0.004860564232142134,0.9792240642794462
0.004892034256103612,0.9789568200455645
0.004923708034683039,0.9786861730761172
0.004955586887102299,0.978412080954596
0.004987672141124658,0.9781345007595639
0.005019965133110079,0.9778533890592995
0.005052467208070857,0.9775687019063183
0.005085179719727656,0.9772803948319657
0.005118104030565891,0.9769884228409096
0.005151241511892469,0.9766927404055652
0.005184593543892913,0.9763933014605513
0.0052181615156888395,0.9760900593970494
0.005251946825395814,0.9757829670571989
0.005285950880181604,0.9754719767283349
0.005320175096324757,0.9751570401373149
0.005354620899273608,0.9748381084446882
0.005389289723705644,0.974515132238973
0.005424183013587257,0.9741880615307423
0.005459302222233905,0.9738568457467784
0.005494648812370609,0.9735214337241753
0.0055302242561929005,0.9731817737043471
0.0055660300354281305,0.9728378133270796
0.005602067641397188,0.9724894996245161
0.0056383385750766075,0.9721367790150848
0.005674844347161094,0.9717795972974363
0.005711586478126429,0.9714178996443511
0.005748566498292828,0.9710516305965213
0.005785785947888641,0.9706807340564694
0.005823246377114528,0.9703051532822895
0.0058609493462080196,0.9699248308814298
0.005898896425508494,0.9695397088044333
0.005937089195522606,0.9691497283386603
0.005975529246990085,0.9687548301019628
0.006014218180950004,0.9683549540363597
0.0060531576088074645,0.9679500394016625
0.006092349152400711,0.9675400247691346
0.00613179444406868,0.9671248480150303
0.006171495126718985,0.9667044463142165
0.0062114528538963435,0.9662787561337113
0.006251669289851467,0.9658477132262315
0.006292146109610344,0.9654112526237223
0.0063328849990440285,0.9649693086308406
0.006373887654938843,0.964521814818506
0.0064151557850670796,0.9640687040173254
0.006456691108258087,0.9636099083111114
0.006498495354469888,0.9631453590303323
0.006540570264861226,0.9626749867455633
0.0065829175918640835,0.9621987212609882
0.006625539099256672,0.9617164916077692
0.006668436562236896,0.961228226037586
0.00671161176749628,0.9607338520160338
0.006755066513294415,0.9602332962160999
0.006798802609533815,0.9597264845116067
0.006842821877835325,0.959213341970704
0.006887126151613989,0.9586937928493221
0.0069317172761554,0.9581677605846797
0.0069765971086925916,0.9576351677887671
0.007021767518483344,0.9570959362418838
0.007067230386888071,0.9565499868861687
0.007112987607448169,0.9559972398191728
0.0071590410859648885,0.9554376142874094
0.007205392740578705,0.9548710286800222
0.007252044501849214,0.9542974005223849
0.007298998312835533,0.9537166464697912
0.007346256129177256,0.9531286823011917
0.007393819919175866,0.9525334229129119
0.007441691663876742,0.9519307823124799
0.007489873357151664,0.9513206736124469
0.007538367005781853,0.9507030090243052
0.007587174629541578,0.9500776998524196
0.007636298261282242,0.9494446564880452
0.0076857399470170755,0.9488037884033934
0.00773550174600635,0.9481550041457554
0.007785585730843146,0.9474982113317209
0.007835993987539671,0.9468333166414533
0.007886728615614156,0.9461602258130306
0.007937791728178276,0.9454788436369045
0.00798918545202521,0.9447890739504102
0.00804091192771816,0.9440908196324
0.008092973309679551,0.9433839825979387
0.008145371766280737,0.9426684637931428
0.008198109479932353,0.9419441631900916
0.008251188647175164,0.9412109797818629
0.008304611478771576,0.9404688115776927
0.00835838019979772,0.939717555598258
0.008412497049736118,0.9389571078710711
0.008466964282568958,0.9381873634260379
0.008521784166871977,0.937408216291131
0.008576958985908937,0.9366195594882185
0.008632491037726758,0.9358212850290635
0.008688382635251185,0.9350132839114524
0.008744636106383144,0.9341954461155245
0.008801253794095708,0.9333676606002446
0.008858238056531662,0.9325298153000778
0.00891559126710176,0.9316817971218398
0.00897331581458352,0.9308234919417601
0.009031414103220763,0.9299547846027201
0.009089888552823732,0.9290755589117314
0.009148741598869881,0.9281856976376217
0.009207975692605315,0.9272850825089447
0.009267593301146883,0.9263735942121213
0.009327596907584924,0.9254511123898524
0.009387989011086732,0.9245175156397407
0.009448772127000578,0.9235726815132195
0.009509948786960529,0.9226164865147232
0.009571521538991866,0.9216488061011563
0.009633492947617213,0.9206695146816382
0.009695865593963383,0.9196784856175564
0.009758642075868823,0.9186755912229406
0.009821825007991856,0.9176607027651351
0.009885417021919573,0.9166336904658279
0.00994942076627744,0.9155944235024024
0.010013838906839602,0.9145427700096549
0.010078674126639946,0.9134785970818704
0.010143929126083803,0.9124017707752841
0.010209606623060466,0.9113121561109241
0.010275709353056356,0.9102096170778584
0.010342240069268973,0.9090940166368484
0.010409201542721574,0.907965216724437
0.010476596562378569,0.9068230782574772
0.01054442793526169,0.9056674611380995
0.010612698486566902,0.9044982242591615
0.010681411059782093,0.9033152255101591
0.01075056851680547,0.9021183217836501
0.010820173738064782,0.900907368982165
0.010890229622637299,0.8996822220256606
0.01096073908837053,0.8984427348594952
0.011031705072003769,0.8971887604629554
0.011103130529290425,0.8959201508583692
0.011175018435121102,0.8946367571207778
0.011247371783647514,0.8933384293882294
0.011320193588407215,0.8920250168726636
0.011393486882449075,0.8906963678714535
0.01146725471845963,0.8893523297795871
0.011541500168890238,0.8879927491025037
0.011616226326085019,0.8866174714696409
0.011691436302409663,0.8852263416486482
0.011767133230381083,0.8838192035603587
0.01184332026279785,0.8823959002944733
0.011920000572871526,0.8809562741260142
0.011997177354358844,0.8795001665325388
0.01207485382169469,0.8780274182121814
0.012153033210126021,0.8765378691024797
0.012231718775846593,0.8750313584000525
0.012310913796132602,0.8735077245811241
0.012390621569479163,0.8719668054229401
0.012470845415737694,0.8704084380260696
0.012551588676254218,0.8688324588376208
0.012632854714008492,0.8672387036754152
0.012714646913754093,0.865627007753112
0.01279696868215941,0.863997205706313
0.012879823447949502,0.862349131619687
0.012963214662048922,0.8606826190551166
0.013047145797725463,0.8589975010808946
0.013131620350734787,0.8572936103020015
0.013216641839466045,0.8555707788914817
0.013302213805088432,0.8538288386229451
0.013388339811698645,0.8520676209042061
0.013475023446469343,0.8502869568121065
0.013562268319798582,0.8484866771285264
0.013650078065460139,0.8466666123776238
0.01373845634075489,0.8448265928643062
0.013827406826663126,0.8429664487139923
0.013916933227997898,0.8410860099136521
0.014007039273559271,0.8391851063541877
0.014097728716289663,0.8372635678741398
0.014189005333430165,0.8353212243047916
0.01428087292667783,0.8333579055166553
0.014373335322344036,0.8313734414673947
0.014466396371513873,0.8293676622511975
0.014560059950206494,0.8273403981496275
0.014654329959536578,0.8252914796839803
0.014749210325876842,0.8232207376691777
0.014844705001021512,0.8211280032692149
0.014940817962350961,0.8190131080541954
0.015037553212997377,0.8168758840589883
0.015134914782011446,0.814716163843503
0.015232906724530202,0.8125337805546577
0.01533153312194593,0.8103285679900194
0.015430798082076124,0.8081003606631763
0.015530705739334601,0.8058489938708459
0.01563126025490369,0.8035743037617686
0.01573246581690757,0.8012761274073856
0.01583432664058668,0.7989543028743518
0.015936846968473282,0.7966086692988916
0.0160400310705682,0.7942390669630367
0.016143883244518622,0.7918453373727589
0.016248407815797124,0.7894273233380309
0.016353609137881833,0.7869848690548358
0.016459491592437724,0.7845178201891522
0.016566059589499135,0.7820260239629326
0.016673317567653462,0.7795093292421039
0.016781269994225995,0.7769675866266115
0.016889921365465983,0.7744006485425274
0.016999276206733954,0.7718083693362362
0.017109339072690143,0.7691906053707391
0.017220114547484202,0.7665472151240705
0.017331607244946177,0.7638780592898677
0.01744382180877862,0.761183000880101
0.017556762912750015,0.7584619053299725
0.017670435260889458,0.7557146406050237
0.01778484358768259,0.7529410773104435
0.017899992658268755,0.7501410888026027
0.01801588726863947,0.7473145513028228
0.01813253224583824,0.7444613440133887
0.018249932448161525,0.7415813492358281
0.018368092765361124,0.7386744524914445
0.018487018118847877,0.735740542644126
0.018606713461896563,0.732779512025439
0.018727183779852247,0.7297912565619894
0.018848434090337953,0.7267756759050787
0.018970469443463586,0.7237326735626346
0.01909329492203629,0.7206621570334331
0.019216915641772206,0.7175640379435828
0.01934133675150945,0.7144382321852963
0.019466563433422613,0.7112846600579155
0.01959260090323863,0.7081032464111889
0.01971945441045396,0.7048939207907925
0.01984712923855324,0.7016566175860752
0.019975630705229362,0.6983912761800042
0.02010496416260498,0.6950978411012991
0.02023513499745536,0.6917762621787293
0.02036614863143278,0.6884264946975419
0.020498010521292374,0.6850484995579939
0.020630726159119345,0.6816422434359597
0.020764301072557736,0.6782076989455703
0.0208987408250407,0.6747448448038473
0.02103405101602215,0.6712536659972943
0.021170237281210005,0.6677341539503829
0.021307305292800963,0.6641863066959022
0.021445260759716676,0.6606101290471004
0.021584109427841558,0.6570056327715721
0.021723857080262143,0.6533728367668118
0.02186450953750789,0.6497117672373868
0.022006072657793627,0.6460224578736411
0.022148552337263594,0.6423049500318575
0.022291954510236946,0.6385592929157993
0.022436285149454956,0.6347855437595458
0.022581550266329818,0.6309837680115178
0.022727755911194948,0.6271540395196167
0.02287490817355703,0.6232964407173583
0.023023013182349627,0.6194110628108966
0.023172077106188495,0.6154980059668279
0.023322106153628445,0.6115573795006594
0.02347310657342195,0.6075893020658027
0.023625084654779464,0.6035939018429753
0.02377804672763128,0.5995713167298702
0.02393199916289122,0.5955216945309396
0.024086948372722017,0.5914451931471547
0.024242900810802312,0.587341980765578
0.024399862972595488,0.5832122360485857
0.02455784139562025,0.5790561483225696
0.02471684265972282,0.5748739177659392
0.024876873387351058,0.5706657555962467
0.025037940243830305,0.5664318842562258
0.025200049937640922,0.56217253759857
0.025363209220697742,0.5578879610692176
0.02552742488863133,0.5535784118889482
0.02569270378107095,0.5492441592330599
0.02585905278192946,0.5448854844088983
0.026026478819690044,0.5405026810310014
0.026194988867694818,0.5360960551936129
0.02636458994443518,0.5316659256403174
0.026535289113844198,0.5272126239305226
0.02670709348559085,0.5227364946025326
0.02688001021537606,0.5182378953329335
0.027054046505230786,0.5137171970919939
0.027229209603816015,0.5091747842948025
0.027405506806724603,0.5046110549478329
0.027582945456785177,0.5000264207906268
0.027761532944367995,0.4954213074322827
0.027941276707692687,0.49079615448242037
0.0281221842331381,0.48615141567628983
0.028304263055554137,0.48148755899368445
0.02848752075857552,0.47680506677131296
0.028671964974937684,0.4721044358082711
0.028857603386794713,0.46738617746424804
0.029044443726039242,0.4626508177501077
0.029232493774624533,0.4578988974104569
0.029421761364888572,0.4531309719978255
0.029612254379880344,0.4483476119380614
0.029803980753688085,0.4435494025865564
0.029996948471769768,0.43873694427488835
0.03019116557128576,0.43391085234747917
0.03038664014143347,0.42907175718786267
0.030583380323784316,0.4242203042341324
0.030781394312622876,0.41935715398316054
0.030980690355288075,0.41448298198316197
0.031181276752516755,0.4095984788141669
0.03138316185878943,0.40470435005598615
0.031586354082678174,0.39980131624322557
0.03179086188719688,0.39489011280692216
0.03199669379015379,0.3899714900023641
0.03220385836450619,0.38504621282266266
0.03241236423871749,0.38011506089764385
0.03262222009711668,0.3751788283776195
0.032833434680259926,0.37023832380161925
0.03304601678529468,0.36529436994964637
0.033259975266326056,0.3603478036785417
0.03347531903478566,0.35539947574103004
0.033692057059802674,0.35045025058754725
0.033910198368577456,0.3455010061504347
0.03412975204675759,0.3405526336101029
0.03435072723881619,0.3356060371427886
0.03457313314843283,0.33066213364951197
0.034796979038876914,0.32572185246588076
0.035022274233393436,0.3207861350523812
0.03524902811559129,0.3158559346648216
0.03547725012983419,0.31093221600459914
0.03570694978163391,0.3060159548484933
0.03593813663804626,0.30110813765768796
0.03617082032806958,0.2962097611657576
0.03640501054304571,0.2913218319453761
0.03664071703706369,0.2864453659535138
0.036877949627366055,0.2815813880549318
0.03711671819475765,0.27673093152379624
0.037357032684017175,0.27189503752326755
0.03759890310431149,0.26707475456294544
0.03784233952961237,0.2622711379340912
0.038087352099116144,0.25748524912256643
0.03833395101766599,0.25271815519947416
0.03858214655617705,0.24797092818952016
0.03883194905206404,0.24324464441715332
0.03908336890967194,0.23854038383057202
0.03933641660070937,0.2338592293037451
0.03959110266468459,0.22920226591662107
0.03984743770934457,0.22457058021375279
0.04010543241111686,0.21996525944160905
0.04036509751555414,0.21538739076489988
0.04062644383778182,0.2108380604622774
0.040889482262948605,0.20631835310184027
0.04115422374667966,0.20182935069692168
0.04142067931553307,0.1973721318426819
0.04168886006745907,0.1929477708341013
0.041958777172262235,0.1885573367660167
0.042230441872066725,0.18420189261590278
0.042503865481784565,0.17988249431016545
0.04277905938958685,0.1756001897747728
0.043056035057378095,0.17135601797111102
0.0433348040212736,0.16715100791801785
0.04361537789208003,0.16298617770100593
0.04389776835577889,0.1588625334697644
0.044181987174013254,0.1547810684250749
0.04446804618457778,0.1507427617963566
0.044755957301911585,0.14674857781112138
0.04504573251759456,0.14279946465767382
0.045337383900846885,0.13889635344246737
0.04563092359903159,0.1350401571435897
0.04592636383816056,0.13123176956191104
0.04622371692340382,0.12747206427149504
0.04652299523960189,0.12376189357093678
0.046824211251781746,0.12010208743734473
0.04712737750567599,0.11649345248475003
0.04743250662824529,0.11293677092878192
0.04773961132820434,0.10943279955949686
0.04804870439655129,0.1059822687243072
0.048359798707100304,0.10258588132300445
0.048672907217017884,0.09924431181690958
0.04898804296736248,0.09595820525423619
0.04930521908362777,0.09272817631378029
0.04962444877628916,0.08955480836909618
0.04994574534135411,0.08643865257533202
0.05026912216091598,0.0833802269809374
0.050594592703711236,0.08038001566646845
0.05092217052568051,0.07743846791272753
0.0512518692705333,0.07455599740048512
0.05158370267031606,0.07173298144403592
0.05191768454598424,0.06896976026082738
0.05225382880797798,0.0662666362793945
0.05259214945680136,0.06362387348781359
0.05293266058360559,0.0610416968248566
0.05327537637077598,0.0585202916159966
0.05362031109252251,0.05605980305637341
0.0539674791154744,0.05366033574276997
0.05431689489927859,0.051321953256597316
0.054668572997201806,0.04904467779981486
0.055022528056736845,0.04682848988563097
0.05537877482021256,0.044673328085748504
0.05573732812540802,0.04257908883581758
0.05609820290617032,0.04054562630065851
0.05646141419303667,0.03857275230069633
0.05682697711386052,0.03666023630092991
0.05719490689444144,0.034807805463624636
0.05756521885915941,0.033015144765771984
0.05793792843161312,0.031281897182212234
0.058313051135262216,0.029607663935157038
0.05869060259407396,0.02799200481067689
0.059070598533174035,0.026434438542546804
0.059453054779501344,0.024934443263660146
0.059837987262467265,0.023491457025027387
0.06022541201461925,0.022104878382182943
0.06061534517230836,0.020774067048622134
0.061007802976361485,0.01949834461567934
0.06140280177275782,0.018276995338051008
0.06180035801330954,0.017109266983952234
0.062200488256347115,0.015994371748676767
0.06260320916740893,0.014931487230115456
0.0630085375199355,0.013919757464567976
0.06341649019596797,0.012958294020967358
0.06382708418685125,0.012046177151421006
0.0642403365939419,0.01118245699576066
0.06465626462932018,0.010366154837590557
0.06507488561650698,0.009596264409118888
0.06549621699118555,0.008871753241869338
0.06592027630192741,0.008191564060186795
0.06634708121092343,0.007554616214277578
0.06677664949471951,0.006959807149367796
0.0672089990449568,0.006406013907417999
0.06764414786911695,0.005892094657701578
0.06808211409127234,0.005416890252443199
0.06852291595284062,0.004979225803620371
0.06896657181334463,0.004577912276955619
0.06941310015117721,0.004211748099076467
0.06986251956437059,0.003879520773790654
0.07031484877137108,0.0035800085034180147
0.07077010661181886,0.0033119818111408735
0.07122831204733242,0.0030742051603810366
0.07168948416229844,0.002865438567283096
0.07215364216466662,0.0026844392024853387
0.07262080538674984,0.0025299629784868165
0.07309099328602911,0.002400766119076303
0.0735642254459641,0.0022956067074724356
0.07404052157680893,0.002213246210037246
0.07451990151643285,0.0021524509726645567
0.07500238523114665,0.0021119936872100215
0.07548799281653432,0.002090654825620778
0.07597674449828984,0.002087224039736704
0.07646866063305972,0.0021005015250710165
0.07696376170929094,0.002129299347233232
0.07746206834808407,0.0021724427300291015
0.07796360130405229,0.0022287713046575813
0.07846838146618593,0.0022971403198204163
0.07897642985872223,0.002376421812961715
0.07948776764202119,0.0024655057432592512
0.08000241611344698,0.0025633010873907292
0.08052039670825474,0.002668736899492848
0.08104173100048355,0.0027807633371132135
0.0815664407038549,0.002898352655318878
0.08209454767267722,0.003020500171465963
0.08262607390275592,0.0031462252034449175
0.08316104153230958,0.003274571984490956
0.08369947284289218,0.0034046105578812206
0.0842413902603209,0.0035354376550239307
0.08478681635561025,0.003666177560573939
0.08533577384591226,0.0037959829682763045
0.0858882855954625,0.0039240358312403354
0.08644437461653239,0.0040495482102740855
0.0870040640703879,0.004171763123758404
0.0875673772682539,0.004289955402305936
0.08813433767228522,0.004403432551129145
0.08870496889654403,0.004511535622628986
0.08927929470798303,0.004613640101209909
0.08985733902743555,0.004709156801725444
0.09043912593061197,0.004797532782261072
0.09102467964910221,0.004878252271167743
0.09161402457138516,0.004950837607373284
0.09220718524384439,0.005014850192021241
0.09280418637179068,0.005069891448425158
0.09340505282049073,0.005115603786184761
0.09400980961620295,0.0051516715640995605
0.09461848194721997,0.005177822045243576
0.09523109516491741,0.00519382633624554
0.09584767478480996,0.005199500301465086
0.09646824648761422,0.005194705441383723
0.09709283612031805,0.005179349723157247
0.0977214696972572,0.005153388349923778
0.09835417340119904,0.00511682445415016
0.09899097358443269,0.005069709699052205
0.09963189676986686,0.005012144770966411
0.10027696965213456,0.004944279744508112
0.10092621909870474,0.004866314301450943
0.10157967215100147,0.0047784977835331945
0.10223735602553022,0.004681129058866667
0.10289929811501129,0.0045745561813219
0.10356552598952114,0.004459175822218402
0.10423606739764012,0.00433543245388811
0.10491095026760855,0.004203817265230256
0.10559020270848989,0.004064866790262232
0.10627385301134146,0.00391916123191526
0.10696192965039268,0.003767322464945516
0.10765446128423148,0.003610011703846539
0.10835147675699722,0.003447926824069754
0.10905300509958255,0.0032817993276910104
0.10975907553084245,0.003112390947906952
0.11046971745881116,0.002940489890397206
0.1111849604819271,0.0027669067136370552
0.11190483439026544,0.0025924698546708124
0.1126293691667794,0.00241802081163066
0.11335859498854838,0.0022444089993756524
0.1140925422280352,0.0020724862999841956
0.11483124145435111,0.0019031013354111883
0.11557472343452897,0.001737093495353497
0.11632301913480456,0.0015752867591854597
0.11707615972190681,0.0014184833566500505
0.11783417656435526,0.001267457317734205
0.11859710123376695,0.0011229479677216413
0.1193649655061713,0.0009856534287045193
0.12013780136333364,0.0008562241937351796
0.12091564099408708,0.0007352568442012732
0.12169851679567367,0.000623287984794799
0.12248646137509307,0.0005207884735023491
0.12327950755046108,0.00042815802625235683
0.12407768835237641,0.00034572027710411243
0.12488103702529647,0.0002737183750421593
0.12568958702892194,0.00021231119744915476
0.12650337203959025,0.00016157025807919396
0.1273224259516788,0.0001214773837647417
0.1281467828790158,9.192322910234137e-05
0.12897647715630173,7.270669193173999e-05
0.12981154334053915,6.353528452986014e-05
0.13065201621247213,6.402650608689545e-05
0.13149793077803465,7.371025124729253e-05
0.1323493222698092,9.203227734154768e-05
0.1332062261484934,0.00011835873949514071
0.13406867810437748,0.00015198178820007493
0.13493671405883065,0.00019212620832697317
0.13581037016579728,0.00023795706212970601
0.13668968281330252,0.0002885882817712509
0.13757468862496847,0.0003430921395319672
0.13846542446153873,0.00040050950643280526
0.1393619274224142,0.00045986079282673415
0.14026423484719816,0.0005201574479148626
0.1411723843172514,0.0005804138794825918
0.14208641365725752,0.0006396596407903545
0.14300636093679872,0.0006969517188658735
0.14393226447194066,0.0007513867478006715
0.14486416282682887,0.0008021129624161334
0.14580209481529485,0.0008483417021763916
0.14674609950247267,0.0008893582728048842
0.14769621620642598,0.0009245319739873297
0.14865248449978558,0.0009533251060489775
0.14961494421139804,0.0009753007767538776
0.150583635427984,0.000990129341497535
0.15155859849580805,0.0009975933261857587
0.15253987402235922,0.0009975907019618647
0.15352750287804226,0.0009901364045226124
0.15452152619787973,0.000975362017815656
0.15552198538322584,0.0009535135721054374
0.15652892210349006,0.0009249474392986946
0.15754237829787313,0.0008901243435058626
0.1585623961771137,0.0008496015414585791
0.1595890182252466,0.0008040232648978861
0.16062228720137184,0.0007541095546090556
0.16166224614143646,0.0007006436525612503
0.1627089383600259,0.0006444581537225721
0.16376240745216872,0.0005864201516450307
0.1648226972951522,0.0005274156409292258
0.1658898520503498,0.0004683334642826666
0.16696391616506057,0.0004100491112248228
0.16804493437436016,0.0003534086887850041
0.1691329517029647,0.0002992133911073785
0.1702280134671052,0.00024820479417135446
0.17133016527641556,0.00020105129346097833
0.17243945303583202,0.00015833598616042205
0.17355592294750527,0.00012054627529963328
0.1746796215127244,8.806544142844388e-05
0.17581059553385459,6.116638828979095e-05
0.17694889211628526,4.0007723257813894e-05
0.17809455867039276,2.4632281898904926e-05
0.1792476429135149,1.4968150020128496e-05
0.18040819287193827,1.0832177308131241e-05
0.18157625688289855,1.1935915628694484e-05
0.18275188359659428,1.7893853889659744e-05
0.18393512197821227,2.823376180464952e-05
0.18512602130996755,4.240889871787903e-05
0.18632463119315598,5.98117926411571e-05
0.18753100155022007,7.978925052617186e-05
0.1887451826268282,0.00010165822513225226
0.18996722499396737,0.0001247221380430841
0.19119717955005003,0.00014828724357229627
0.19243509752303303,0.00017167861530310158
0.193681030472552,0.0001942553462967243
0.19493503029206857,0.0002154245756426696
0.19619714921103185,0.00023465398764899373
0.19746743979705353,0.00025148247478079815
0.1987459549580982,0.0002655287102141399
0.2000327479446856,0.0002764974389326956
0.20132787235210964,0.0002841833656388526
0.20263138212267015,0.00028847259105296196
0.2039433315479198,0.0002893416228781332
0.20526377527092501,0.0002868540611202112
0.20659276828854276,0.00028115512685183893
0.20793036595370995,0.0002724642662609616
0.20927662397774974,0.0002610661155000411
0.21063159843269166,0.0002473001543507772
0.2119953457536071,0.00023154940637550936
0.21336792274095978,0.00021422855891048786
0.21474938656297135,0.00019577187744975426
0.21613979475800324,0.00017662127581672183
0.21753920523695203,0.00015721487685307968
0.21894767628566206,0.00013797635966974388
0.2203652665673531,0.0001193053409186758
0.22179203512506349,0.00010156898170112083
0.22322804138410915,8.509495167336827e-05
0.2246733451545596,7.016582093573011e-05
0.22612800663372773,5.7014891745448934e-05
0.22759208640867773,4.582342919174383e-05
0.2290656454587486,3.671920557878638e-05
0.23054874515809384,2.977623970285043e-05
0.23204144727823744,2.5015591083242038e-05
0.2335438139906477,2.240706124441694e-05
0.23505590786932515,2.187165911470901e-05
0.23657779189340986,2.3284704266330146e-05
0.23810952944980418,2.647946785753907e-05
0.239651184335813,3.1251283663782136e-05
0.2412028207618007,3.7362096716843294e-05
0.2427645033538654,4.454545057641967e-05
0.2443362971565317,5.2511941760349317e-05
0.24591826763545818,6.095518718757707e-05
0.2475104806801652,6.955835405064817e-05
0.24911300260677885,7.800128868893762e-05
0.25072590016079305,8.596825042239314e-05
0.2523492405198494,9.315620812938027e-05
0.253983091296536,9.928359355185014e-05
0.255627520541202,0.00010409932962624219
0.2572825967447932,0.00010739187002669926
0.25894838884170407,0.00010899790450660529
0.26062496621264913,0.00010881031156133097
0.26231239868755246,0.00010678488398261195
0.264010756548457,0.00010294532249080225
0.26572011053245037,9.738599540882319e-05
0.26744053183461214,9.027200422778726e-05
0.26917209211097876,8.18361794533509e-05
0.27091486348152816,7.237275879489072e-05
0.2726689185331835,6.222766748940419e-05
0.27443433032283626,5.178552144082104e-05
0.27621117238039006,4.1453697212187545e-05
0.2779995187118216,3.1644044606550045e-05
0.2797994438022642,2.2753040755392304e-05
0.28161102261910964,1.5141380756378388e-05
0.2834343306151309,9.114150067964871e-06
0.2852694437316242,4.902810384048012e-06
0.2871164384015733,2.650238754705302e-06
0.28897539155283114,2.3999789839846563e-06
0.2908463806113251,4.0906905080025804e-06
0.2927294835042816,7.556515856268538e-06
0.29462477866347153,1.2533744042487437e-05
0.2965323450284771,1.8673742284573463e-05
0.29845226204998027,2.5561687988894043e-05
0.30038460969307085,3.274018844952131e-05
0.3023294684405776,3.97364624533253e-05
0.3042869192964205,4.6091412251309996e-05
0.3062570437889843,5.138867041315414e-05
0.30823992397451433,5.528159284167452e-05
0.310235642440534,5.751620707922404e-05
0.31224428230928547,5.794832310892821e-05
0.31426592724119023,5.655336799823618e-05
0.31630066143833463,5.342799760635177e-05
0.31834856964797653,4.878313596479661e-05
0.3204097371660753,4.292875147422966e-05
0.3224842498408439,3.625134531933928e-05
0.32457219407632576,2.9185743327625932e-05
0.3266736568359918,2.2183290212723994e-05
0.3287887256463636,1.567889324175396e-05
0.33091748860065845,1.0059511099059164e-05
0.33306003436245885,5.636609976202077e-06
0.33521645216940477,2.6248098067249476e-06
0.3373868318369117,1.1284381433542851e-06
0.3395712637619097,1.1370379795316617e-06
0.3417698389266097,2.5300979987281187e-06
0.34398264890229246,5.0904619260880024e-06
0.34620978585312273,8.52510693211314e-06
0.34845134253998794,1.2491336631231719e-05
0.3507074123243611,1.6625978869602113e-05
0.3529780891721911,2.0574960446068207e-05
0.3552634676578139,2.402067357345066e-05
0.3575636429678935,2.6704847144989215e-05
0.3598787109053856,2.8445155649646254e-05
0.36220876789352807,2.914448003832235e-05
0.36455391097985684,2.8792499011988454e-05
0.366914237840249,2.7460047451305026e-05
0.36928984678298926,2.5287343938581995e-05
0.3716808367528655,2.2467687461654958e-05
0.37408730733529005,1.9228503542028874e-05
0.3765093587604469,1.5811661744691916e-05
0.3789470919074664,1.2454802871872345e-05
0.38140060830862804,9.375049844079308e-06
0.3838700101535873,6.756000866523059e-06
0.3863554002936333,4.738400231065586e-06
0.3888568822459721,3.4144342012395614e-06
0.3913745601980384,2.825275593103426e-06
0.39390853901183487,2.961342625479374e-06
0.39645892422829937,3.7647518129868485e-06
0.3990258220717022,5.133600106382276e-06
0.401609339454068,6.927944619033333e-06
0.4042095839796306,8.977574869184693e-06
0.4068266639493138,1.1091804663064408e-05
0.40946068836524274,1.307147673202751e-05
0.41211176693528284,1.4723135777539478e-05
0.41478001007761134,1.5874895490048976e-05
0.41746552892531347,1.6392966233239583e-05
0.42016843533101295,1.6197233456699415e-05
0.4228888418715302,1.527382371105718e-05
0.42562686185257126,1.3682410354860378e-05
0.42838260931344657,1.1556211731093405e-05
0.4311561990318224,9.09327883040513e-06
0.4339477465284988,6.53873250044868e-06
0.4367573680722229,4.158974243111626e-06
0.43958518068453095,2.2103562977507963e-06
0.44243130214462245,9.060944729728279e-07
0.4452958509942651,3.8606517562014817e-07
0.448178946542734,6.94310394832843e-07
0.45108070887177826,1.7684399048226126e-06
0.454001258840624,3.4436659765103306e-06
0.45694071809100795,5.472089714341921e-06
0.45989920905224385,7.555388287510992e-06
0.4628768549463215,9.386646942832958e-06
0.4658737797930388,1.0695196025555819e-05
0.4688901084151687,1.1287359372795003e-05
0.4719259664436557,1.1076265841050867e-05
0.47498148032285,1.0095379983918878e-05
0.4780567773157735,8.492985734621286e-06
0.4811519855094206,6.508091775013971e-06
0.48426723382009224,4.431536228317369e-06
0.4874026519987675,2.558810317575083e-06
0.49055837063650454,1.1427278420638841e-06
0.49373452116988215,3.54172513927703e-07
0.49693123588647325,2.576852639806034e-07
0.5001486479303549,8.058640744251691e-07
0.503386891307653,1.8529856604709302e-06
0.5066461008921264,3.1846496143349864e-06
0.5099264124307803,4.5573441720462015e-06
0.5132279625495234,5.740243299531605e-06
0.5165508887588569,6.5515787435236855e-06
0.5198953294596024,6.88352674980276e-06
0.5232614239486661,6.712284434709809e-06
0.5266493124248405,6.093204963228549e-06
0.5300591359946447,5.143750113741365e-06
0.5334910366781997,4.018956539742183e-06
0.536945157415145,2.8847384655026477e-06
0.5404216420705915,1.8936832120780268e-06
0.5439206354411137,1.166413945794021e-06
0.54744228326078,7.797031939473993e-07
0.5509867322072247,7.609549791679192e-07
0.5545541299077539,1.0878800989622716e-06
0.5581446249454961,1.6922745391040709e-06
0.5617583668655908,2.4675042999030694e-06
0.5653955061814167,3.280055725897764e-06
0.5690561943808597,3.985726411553292e-06
0.5727405839326261,4.450310002635948e-06
0.5764488282925874,4.572985328919886e-06
0.5801810819101758,4.308556479031222e-06
0.583937500234816,3.683068488754718e-06
0.5877182397223994,2.797074355650522e-06
0.5915234578418008,1.8125716352566778e-06
0.5953533130814364,9.233354868018597e-07
0.5992079649558673,3.1323938954072177e-07
0.6030875740124395,1.1172106104036509e-07
0.6069923018379736,3.5814406826534243e-07
0.6109223110654939,9.86118595537386e-07
0.6148777653810024,1.8344997705003296e-06
0.6188588295302954,2.68463675319318e-06
0.6228656693258282,3.3154867574121315e-06
0.6268984516536171,3.5619998771895137e-06
0.6309573444801932,3.3600146086845103e-06
